UpstreamTool,Source,RustEquivalent,NativeStatus,CStatus,WasmStatus,NativeEvidence,BindingEvidence
shiro-align,shiro-align.c,shiro-align; alignment module,implemented,implemented,pending,tests/alignment.rs; nine original C path cases; embedded/isolated HMM/HSMM; pruning; safe interval and transition corrections,"align_states and align_document; full9-field native config, all9 original C cases, full host/document/file/state metadata; Rust/C all5 and Python3x64"
shiro-fextr,shiro-fextr.lua,shiro-fextr; batch and index modules,implemented,implemented,pending,tests/batch.rs; tests/fextr_cli.rs; tests/index.rs; tests/host_extractors.rs; original Lua/C presets; actual SPTK 3.9-3 on Linux x86_64; other actual SPTK targets pending,"Complete native batch options/all3presets/SPTK/Lua variants/full output paths and controlled draws; original C features/raws, actual Lua/SPTK protocol fixtures/process failures/ownership; Rust/C all5 and Python3x64; actual SPTK version matrix pending"
shiro-init,shiro-init.c,shiro-init; dataset and initialization modules,implemented,implemented,pending,tests/initialization.rs; original C model bytes in four modes and ten-frame flat start; multistream importer; corrected corpus fallback; 32-bit budget regression,"Full3-field initialize and complete paired Dataset/create/host loading; exact original4 C models plus10-frame Rust case; full fields, Native corrected corpus fallback; Rust/C all5 and Python3x64"
shiro-lab2seg,shiro-lab2seg.lua,shiro-lab2seg and labels::to_states,implemented,implemented,pending,"tests/labels.rs; unchanged Lua boundaries, duration/output indices and metadata; original CLI options","Complete Native label owner, parse/state conversion, all times/names, CRLF byte output and legacy output paths; original Lua states/rows, independent ownership and failed outputs; Rust/C all5 and Python3x64; generic stream callbacks separately pending"
shiro-mkhsmm,shiro-mkhsmm.c,shiro-mkhsmm,implemented,implemented,pending,tests/definition.rs; tests/fixtures/empty-c.hsmm,model_from_definition and exact model_write_bytes; original C model bytes; Rust/C all5 targets and Python3x64; native CLI retains file/stdout handling
shiro-mkpm,shiro-mkpm.lua,shiro-mkpm and phonemap::create,implemented,implemented,pending,"tests/phones.rs; seven unchanged Lua cases; state IDs, duration rounding, topologies and weak skips","Complete Native phone map options/optional topology and all metadata, model definition and initial states; original Lua cases in Rust/C/Python, exact definition-generated model bytes in C; Rust/C all5 and Python3x64"
shiro-mkseg,shiro-mkseg.lua,shiro-mkseg and segmentation::initial,implemented,implemented,pending,"tests/phones.rs; original topologies and short phones; frame rounding, padded index and mixed explicit/implicit jump probabilities","Complete Native phone map options/optional topology and all metadata, model definition and initial states; original Lua cases in Rust/C/Python, exact definition-generated model bytes in C; Rust/C all5 and Python3x64"
shiro-pm2md,shiro-pm2md.lua,shiro-pm2md and phonemap::to_definition,implemented,implemented,pending,tests/phones.rs; original state counts and duration constraints; deterministic tied-constraint correction; original C model construction byte comparison,"Complete Native phone map options/optional topology and all metadata, model definition and initial states; original Lua cases in Rust/C/Python, exact definition-generated model bytes in C; Rust/C all5 and Python3x64"
shiro-rest,shiro-rest.c,shiro-rest; training API and shared isolated loader,implemented,implemented,pending,tests/training.rs; tests/rest_cli.rs; nine corrected C model/CSV cases; DAEM; stopping; grouped samples; ordered parallel statistics; original options and stdin,"Complete13-field Native training, full ordered embedded/isolated host input, model and all report fields plus synchronous progress clones; original9 C model/likelihood cases, stopping/parallel/failure Rust checks; Rust/C all5 and Python3x64"
shiro-seg2lab,shiro-seg2lab.lua,shiro-seg2lab and labels::from_states,implemented,implemented,pending,tests/labels.rs; unchanged Lua phoneme grouping and mixed state/phoneme output; empty and invalid data corrections,"Complete Native label owner, parse/state conversion, all times/names, CRLF byte output and legacy output paths; original Lua states/rows, independent ownership and failed outputs; Rust/C all5 and Python3x64; generic stream callbacks separately pending"
shiro-untie,shiro-untie.c,shiro-untie; untying module,implemented,implemented,pending,tests/untying.rs; original C model/JSON/summary; independent distributions; preserved stream weights; multi-file ordering and model stdin,"Complete native model/document/assignment result, arbitrary public-field constructor and summary bytes; exact original C outputs, Native weighted multi-file metadata comparisons and failure transactions; Rust/C all5 and Python3x64; direct native summary stream verified with partial IO/interruption/no implicit flush; all5"
shiro-wav2raw,shiro-wav2raw.c,shiro-wav2raw and audio::prepare,implemented,implemented,pending,tests/audio.rs; tests/wav2raw_cli.rs; unchanged C WAV conversion; Windows/Linux C dither sequences; normalization and boundary corrections documented,"Full audio options/header/result, WAVE decoding, controlled uniform callbacks and explicit Windows/Linux random owners; original5 C conversion cases/both64 draws/dithered bytes, Native options and ownership/failures; Rust/C all5 and Python3x64"
shiro-wavsplit,shiro-wavsplit.lua,shiro-wavsplit; utterances module,implemented,implemented,pending,tests/utterances.rs; tests/wavsplit_cli.rs; corrected-C/Lua stages; native waveform-to-model workflow; original zero-order rejection verified,"Complete Native five options/all model sources; full ten-field utterance and three-field wave results with typed arbitrary constructors/all optional stage combinations; original C model/document/label/audio/features, complete reports/metadata/bits, callbacks/failures/independent ownership; Rust/C all5 and Python3x64"
shiro-xxcc,shiro-xxcc.c,shiro-xxcc and features::extract,implemented,implemented,pending,tests/features.rs and tests/xxcc_cli.rs; original C pipeline comparisons; file/stdin rawfloat; all original options,"Complete12-field feature settings and all matrix fields/values; all72 original C cases/6399 values, independent Native options and arbitrary constructors/ownership/failures; Rust/C all5 and Python3x64; native CLI retains file/stdin handling"
