"UpstreamTool","Source","RustEquivalent","Status","Evidence"
"shiro-align","shiro-align.c","shiro-align; alignment module","implemented","crates/shiro-rs/tests/alignment.rs; nine original C path cases; embedded/isolated HMM/HSMM; pruning; safe interval and transition corrections"
"shiro-fextr","shiro-fextr.lua","shiro-fextr; batch and index modules","implemented","crates/shiro-rs/tests/batch.rs; crates/shiro-rs/tests/fextr_cli.rs; crates/shiro-rs/tests/index.rs; crates/shiro-rs/tests/host_extractors.rs; original Lua/C presets; actual SPTK 3.9-3 on Linux x86_64; other actual SPTK targets pending"
"shiro-init","shiro-init.c","shiro-init; dataset and initialization modules","implemented","crates/shiro-rs/tests/initialization.rs; original C model bytes in four modes and ten-frame flat start; multistream importer; corrected corpus fallback; 32-bit budget regression"
"shiro-lab2seg","shiro-lab2seg.lua","shiro-lab2seg and labels::to_states","implemented","crates/shiro-rs/tests/labels.rs; unchanged Lua boundaries, duration/output indices and metadata; original CLI options"
"shiro-mkhsmm","shiro-mkhsmm.c","shiro-mkhsmm","implemented","crates/shiro-rs/tests/definition.rs; tests/fixtures/empty-c.hsmm"
"shiro-mkpm","shiro-mkpm.lua","shiro-mkpm and phonemap::create","implemented","crates/shiro-rs/tests/phones.rs; seven unchanged Lua cases; state IDs, duration rounding, topologies and weak skips"
"shiro-mkseg","shiro-mkseg.lua","shiro-mkseg and segmentation::initial","implemented","crates/shiro-rs/tests/phones.rs; original topologies and short phones; frame rounding, padded index and mixed explicit/implicit jump probabilities"
"shiro-pm2md","shiro-pm2md.lua","shiro-pm2md and phonemap::to_definition","implemented","crates/shiro-rs/tests/phones.rs; original state counts and duration constraints; deterministic tied-constraint correction; original C model construction byte comparison"
"shiro-rest","shiro-rest.c","shiro-rest; training API and shared isolated loader","implemented","crates/shiro-rs/tests/training.rs; crates/shiro-rs/tests/rest_cli.rs; nine corrected C model/CSV cases; DAEM; stopping; grouped samples; ordered parallel statistics; original options and stdin"
"shiro-seg2lab","shiro-seg2lab.lua","shiro-seg2lab and labels::from_states","implemented","crates/shiro-rs/tests/labels.rs; unchanged Lua phoneme grouping and mixed state/phoneme output; empty and invalid data corrections"
"shiro-untie","shiro-untie.c","shiro-untie; untying module","implemented","crates/shiro-rs/tests/untying.rs; original C model/JSON/summary; independent distributions; preserved stream weights; multi-file ordering and model stdin"
"shiro-wav2raw","shiro-wav2raw.c","shiro-wav2raw and audio::prepare","implemented","crates/shiro-rs/tests/audio.rs; crates/shiro-rs/tests/wav2raw_cli.rs; unchanged C WAV conversion; Windows/Linux C dither sequences; normalization and boundary corrections documented"
"shiro-wavsplit","shiro-wavsplit.lua","shiro-wavsplit; utterances module","implemented","crates/shiro-rs/tests/utterances.rs; crates/shiro-rs/tests/wavsplit_cli.rs; corrected-C/Lua stages; native waveform-to-model workflow; original zero-order rejection verified"
"shiro-xxcc","shiro-xxcc.c","shiro-xxcc and features::extract","implemented","crates/shiro-rs/tests/features.rs and crates/shiro-rs/tests/xxcc_cli.rs; original C pipeline comparisons; file/stdin rawfloat; all original options"
